{"avg_TR_score": 66.68859645107335, "std_TR_score": 0.2850876606106052, "avg_TS_score": 66.4912265777588, "std_TS_score": 2.280701299814134}