{"avg_TR_score": 49.36625514403292, "std_TR_score": 0.6214400553419824, "avg_TS_score": 50.0, "std_TS_score": 0.0}