{"avg_TR_score": 59.586977432482435, "std_TR_score": 0.020570447070707803, "avg_TS_score": 59.568050135772445, "std_TS_score": 0.1658751229805449}